site,block_id,block_start,block_end,N,selection_tier,gpi,timestamp,daily_index,has_temperature,has_salinity,has_density,has_dissolvedoxygen,seed,block_width_days
ab,0,2014-12-03,2014-12-07,21,T_only,14,2014-12-04,13,1,1,0,0,0,5
ab,1,2014-12-08,2014-12-12,0,,,,,,,,,0,5
ab,2,2014-12-13,2014-12-17,7,T_only,23,2014-12-16,2,1,1,0,0,0,5
ab,3,2014-12-18,2014-12-22,19,T_only,35,2014-12-18,7,1,1,0,0,0,5
ab,4,2014-12-23,2014-12-27,0,,,,,,,,,0,5
ab,5,2014-12-28,2015-01-01,0,,,,,,,,,0,5
ab,6,2015-01-02,2015-01-06,0,,,,,,,,,0,5
ab,7,2015-01-07,2015-01-11,9,T_only,54,2015-01-09,1,1,1,0,0,0,5
ab,8,2015-01-12,2015-01-16,37,T_only,66,2015-01-13,6,1,1,0,0,0,5
ab,9,2015-01-17,2015-01-21,7,T_only,97,2015-01-17,4,1,1,0,0,0,5
ab,10,2015-01-22,2015-01-26,0,,,,,,,,,0,5
ab,11,2015-01-27,2015-01-31,0,,,,,,,,,0,5
ab,12,2015-02-01,2015-02-05,3,T_only,103,2015-02-05,3,1,1,0,0,0,5
ab,13,2015-02-06,2015-02-10,0,,,,,,,,,0,5
ab,14,2015-02-11,2015-02-15,0,,,,,,,,,0,5
ab,15,2015-02-16,2015-02-20,10,T_only,105,2015-02-19,1,1,1,0,0,0,5
ab,16,2015-02-21,2015-02-25,15,T_only,114,2015-02-23,1,1,1,0,0,0,5
ab,17,2015-02-26,2015-03-02,2,T_only,129,2015-02-26,1,1,1,0,0,0,5
ab,18,2015-03-03,2015-03-07,11,T_only,131,2015-03-04,1,1,1,0,0,0,5
ab,19,2015-03-08,2015-03-12,11,T_only,145,2015-03-10,2,1,1,0,0,0,5
ab,20,2015-03-13,2015-03-17,16,T_only,155,2015-03-13,3,1,1,0,0,0,5
ab,21,2015-03-18,2015-03-22,13,T_only,172,2015-03-19,1,1,1,0,0,0,5
ab,22,2015-03-23,2015-03-27,20,T_only,200,2015-03-27,3,1,1,0,0,0,5
ab,23,2015-03-28,2015-04-01,12,T_only,204,2015-03-28,3,1,1,0,0,0,5
ab,24,2015-04-02,2015-04-06,21,T_only,230,2015-04-05,4,1,1,0,0,0,5
ab,25,2015-04-07,2015-04-11,11,T_only,243,2015-04-09,1,1,1,0,0,0,5
ab,26,2015-04-12,2015-04-16,13,T_only,254,2015-04-15,4,1,1,0,0,0,5
ab,27,2015-04-17,2015-04-21,20,T_only,259,2015-04-17,1,1,1,0,0,0,5
ab,28,2015-04-22,2015-04-26,21,T_only,290,2015-04-24,4,1,1,0,0,0,5
ab,29,2015-04-27,2015-05-01,21,T_only,310,2015-04-29,3,1,1,0,0,0,5
ab,30,2015-05-02,2015-05-06,20,T_only,333,2015-05-05,1,1,1,0,0,0,5
ab,31,2015-05-07,2015-05-11,21,T_only,345,2015-05-07,5,1,1,0,0,0,5
ab,32,2015-05-12,2015-05-16,21,T_only,371,2015-05-14,1,1,1,0,0,0,5
ab,33,2015-05-17,2015-05-21,21,T_only,383,2015-05-17,1,1,1,0,0,0,5
ab,34,2015-05-22,2015-05-26,20,T_only,423,2015-05-26,4,1,1,0,0,0,5
ab,35,2015-05-27,2015-05-31,21,T_only,430,2015-05-28,2,1,1,0,0,0,5
ab,36,2015-06-01,2015-06-05,21,T_only,447,2015-06-01,3,1,1,0,0,0,5
ab,37,2015-06-06,2015-06-10,21,T_only,484,2015-06-10,2,1,1,0,0,0,5
ab,38,2015-06-11,2015-06-15,15,T_only,490,2015-06-11,4,1,1,0,0,0,5
ab,39,2015-06-16,2015-06-20,14,T_only,512,2015-06-19,3,1,1,0,0,0,5
ab,40,2015-06-21,2015-06-25,17,T_only,525,2015-06-24,4,1,1,0,0,0,5
ab,41,2015-06-26,2015-06-30,19,T_only,544,2015-06-28,3,1,1,0,0,0,5
ab,42,2015-07-01,2015-07-05,10,T_only,557,2015-07-04,4,1,1,0,0,0,5
ab,43,2015-07-06,2015-07-10,12,T_only,562,2015-07-06,1,1,1,0,0,0,5
ab,44,2015-07-11,2015-07-15,11,all4,577,2015-07-13,4,1,1,1,1,0,5
ab,45,2015-07-16,2015-07-20,2,all4,585,2015-07-16,1,1,1,1,1,0,5
ab,46,2015-07-21,2015-07-25,3,all4,587,2015-07-23,1,1,1,1,1,0,5
ab,47,2015-07-26,2015-07-30,17,all4,596,2015-07-27,7,1,1,1,1,0,5
ab,48,2015-07-31,2015-08-04,12,all4,614,2015-08-03,8,1,1,1,1,0,5
ab,49,2015-08-05,2015-08-09,9,all4,624,2015-08-07,1,1,1,1,1,0,5
ab,50,2015-08-10,2015-08-14,0,,,,,,,,,0,5
ab,51,2015-08-15,2015-08-19,1,all4,628,2015-08-19,1,1,1,1,1,0,5
ab,52,2015-08-20,2015-08-24,5,all4,629,2015-08-20,1,1,1,1,1,0,5
ab,53,2015-08-25,2015-08-29,4,all4,634,2015-08-25,1,1,1,1,1,0,5
ab,54,2015-08-30,2015-09-03,4,all4,638,2015-09-01,1,1,1,1,1,0,5
ab,55,2015-09-04,2015-09-08,0,,,,,,,,,0,5
ab,56,2015-09-09,2015-09-13,0,,,,,,,,,0,5
ab,57,2015-09-14,2015-09-18,0,,,,,,,,,0,5
ab,58,2015-09-19,2015-09-23,1,all4,642,2015-09-23,1,1,1,1,1,0,5
ab,59,2015-09-24,2015-09-28,0,,,,,,,,,0,5
ab,60,2015-09-29,2015-10-03,4,all4,646,2015-10-02,1,1,1,1,1,0,5
ab,61,2015-10-04,2015-10-08,1,all4,647,2015-10-08,1,1,1,1,1,0,5
ab,62,2015-10-09,2015-10-13,5,all4,648,2015-10-09,1,1,1,1,1,0,5
ab,63,2015-10-14,2015-10-18,19,all4,664,2015-10-17,4,1,1,1,1,0,5
ab,64,2015-10-19,2015-10-23,21,all4,688,2015-10-22,5,1,1,1,1,0,5
ab,65,2015-10-24,2015-10-28,31,all4,715,2015-10-28,4,1,1,1,1,0,5
ab,66,2015-10-29,2015-11-02,10,all4,728,2015-10-30,3,1,1,1,1,0,5
ab,67,2015-11-03,2015-11-07,29,all4,734,2015-11-03,1,1,1,1,1,0,5
ab,68,2015-11-08,2015-11-12,4,all4,763,2015-11-09,1,1,1,1,1,0,5
ab,69,2015-11-13,2015-11-17,12,all4,776,2015-11-17,7,1,1,1,1,0,5
ab,70,2015-11-18,2015-11-22,41,all4,810,2015-11-21,9,1,1,1,1,0,5
ab,71,2015-11-23,2015-11-27,45,all4,829,2015-11-24,1,1,1,1,1,0,5
ab,72,2015-11-28,2015-12-02,45,all4,891,2015-11-30,9,1,1,1,1,0,5
ab,73,2015-12-03,2015-12-07,45,all4,921,2015-12-04,3,1,1,1,1,0,5
ab,74,2015-12-08,2015-12-12,45,all4,960,2015-12-08,6,1,1,1,1,0,5
ab,75,2015-12-13,2015-12-17,45,all4,1002,2015-12-13,3,1,1,1,1,0,5
ab,76,2015-12-18,2015-12-22,45,all4,1057,2015-12-19,4,1,1,1,1,0,5
ab,77,2015-12-23,2015-12-27,45,T_only,1097,2015-12-23,8,1,0,0,1,0,5
ab,78,2015-12-28,2016-01-01,45,all4,1179,2016-01-01,9,1,1,1,1,0,5
ab,79,2016-01-02,2016-01-06,45,all4,1196,2016-01-03,8,1,1,1,1,0,5
ab,80,2016-01-07,2016-01-11,44,all4,1239,2016-01-08,7,1,1,1,1,0,5
ab,81,2016-01-12,2016-01-16,45,all4,1306,2016-01-16,2,1,1,1,1,0,5
ab,82,2016-01-17,2016-01-21,45,all4,1353,2016-01-21,4,1,1,1,1,0,5
ab,83,2016-01-22,2016-01-26,45,all4,1364,2016-01-22,6,1,1,1,1,0,5
ab,84,2016-01-27,2016-01-31,36,all4,1404,2016-01-27,1,1,1,1,1,0,5
ab,85,2016-02-01,2016-02-05,45,all4,1449,2016-02-02,1,1,1,1,1,0,5
ab,86,2016-02-06,2016-02-10,32,all4,1498,2016-02-07,5,1,1,1,1,0,5
ab,87,2016-02-11,2016-02-15,45,all4,1539,2016-02-13,5,1,1,1,1,0,5
ab,88,2016-02-16,2016-02-20,45,all4,1575,2016-02-17,5,1,1,1,1,0,5
ab,89,2016-02-21,2016-02-25,45,all4,1617,2016-02-22,2,1,1,1,1,0,5
ab,90,2016-02-26,2016-03-01,45,all4,1688,2016-03-01,1,1,1,1,1,0,5
ab,91,2016-03-02,2016-03-06,45,all4,1706,2016-03-03,1,1,1,1,1,0,5
ab,92,2016-03-07,2016-03-11,38,all4,1768,2016-03-09,9,1,1,1,1,0,5
ab,93,2016-03-12,2016-03-16,45,all4,1781,2016-03-12,2,1,1,1,1,0,5
ab,94,2016-03-17,2016-03-21,45,all4,1868,2016-03-21,8,1,1,1,1,0,5
ab,95,2016-03-22,2016-03-26,45,all4,1892,2016-03-24,5,1,1,1,1,0,5
ab,96,2016-03-27,2016-03-31,44,all4,1958,2016-03-31,9,1,1,1,1,0,5
ab,97,2016-04-01,2016-04-05,45,all4,2002,2016-04-05,8,1,1,1,1,0,5
ab,98,2016-04-06,2016-04-10,45,all4,2029,2016-04-08,8,1,1,1,1,0,5
ab,99,2016-04-11,2016-04-15,43,all4,2051,2016-04-11,3,1,1,1,1,0,5
ab,100,2016-04-16,2016-04-20,1,all4,2092,2016-04-20,1,1,1,1,1,0,5
ab,101,2016-04-21,2016-04-25,9,all4,2094,2016-04-25,2,1,1,1,1,0,5
ab,102,2016-04-26,2016-04-30,45,all4,2134,2016-04-29,6,1,1,1,1,0,5
ab,103,2016-05-01,2016-05-05,39,all4,2148,2016-05-01,2,1,1,1,1,0,5
ab,104,2016-05-06,2016-05-10,45,all4,2214,2016-05-09,2,1,1,1,1,0,5
ab,105,2016-05-11,2016-05-15,45,all4,2255,2016-05-13,7,1,1,1,1,0,5
ab,106,2016-05-16,2016-05-20,45,all4,2294,2016-05-18,1,1,1,1,1,0,5
ab,107,2016-05-21,2016-05-25,45,all4,2321,2016-05-21,1,1,1,1,1,0,5
ab,108,2016-05-26,2016-05-30,45,all4,2395,2016-05-29,3,1,1,1,1,0,5
ab,109,2016-05-31,2016-06-04,45,all4,2453,2016-06-04,7,1,1,1,1,0,5
ab,110,2016-06-05,2016-06-09,45,all4,2460,2016-06-05,5,1,1,1,1,0,5
ab,111,2016-06-10,2016-06-14,45,all4,2523,2016-06-12,5,1,1,1,1,0,5
ab,112,2016-06-15,2016-06-19,45,all4,2560,2016-06-16,6,1,1,1,1,0,5
ab,113,2016-06-20,2016-06-24,45,all4,2608,2016-06-21,9,1,1,1,1,0,5
ab,114,2016-06-25,2016-06-29,45,all4,2649,2016-06-26,5,1,1,1,1,0,5
ab,115,2016-06-30,2016-07-04,45,all4,2693,2016-07-01,4,1,1,1,1,0,5
ab,116,2016-07-05,2016-07-09,41,all4,2753,2016-07-08,1,1,1,1,1,0,5
ab,117,2016-07-10,2016-07-14,1,all4,2767,2016-07-14,1,1,1,1,1,0,5
ab,118,2016-07-15,2016-07-19,6,all4,2772,2016-07-15,5,1,1,1,1,0,5
ab,119,2016-07-20,2016-07-24,0,,,,,,,,,0,5
ab,120,2016-07-25,2016-07-29,31,all4,2774,2016-07-25,1,1,1,1,1,0,5
ab,121,2016-07-30,2016-08-03,45,all4,2824,2016-08-01,2,1,1,1,1,0,5
ab,122,2016-08-04,2016-08-08,45,all4,2885,2016-08-07,9,1,1,1,1,0,5
ab,123,2016-08-09,2016-08-13,34,all4,2920,2016-08-13,1,1,1,1,1,0,5
ab,124,2016-08-14,2016-08-18,45,all4,2958,2016-08-17,3,1,1,1,1,0,5
ab,125,2016-08-19,2016-08-23,45,all4,3005,2016-08-22,5,1,1,1,1,0,5
ab,126,2016-08-24,2016-08-28,45,all4,3043,2016-08-26,7,1,1,1,1,0,5
ab,127,2016-08-29,2016-09-02,45,all4,3102,2016-09-02,3,1,1,1,1,0,5
ab,128,2016-09-03,2016-09-07,45,all4,3152,2016-09-07,8,1,1,1,1,0,5
ab,129,2016-09-08,2016-09-12,16,all4,3158,2016-09-08,5,1,1,1,1,0,5
ab,130,2016-09-13,2016-09-17,45,all4,3211,2016-09-17,6,1,1,1,1,0,5
ab,131,2016-09-18,2016-09-22,45,all4,3232,2016-09-19,9,1,1,1,1,0,5
ab,132,2016-09-23,2016-09-27,45,all4,3280,2016-09-25,3,1,1,1,1,0,5
ab,133,2016-09-28,2016-10-02,45,all4,3306,2016-09-28,2,1,1,1,1,0,5
ab,134,2016-10-03,2016-10-07,45,all4,3366,2016-10-04,8,1,1,1,1,0,5
ab,135,2016-10-08,2016-10-12,45,all4,3399,2016-10-08,5,1,1,1,1,0,5
ab,136,2016-10-13,2016-10-17,45,all4,3474,2016-10-16,8,1,1,1,1,0,5
ab,137,2016-10-18,2016-10-22,40,all4,3495,2016-10-19,2,1,1,1,1,0,5
ab,138,2016-10-23,2016-10-27,45,all4,3558,2016-10-26,7,1,1,1,1,0,5
ab,139,2016-10-28,2016-11-01,45,all4,3589,2016-10-30,2,1,1,1,1,0,5
ab,140,2016-11-02,2016-11-06,45,all4,3617,2016-11-02,3,1,1,1,1,0,5
ab,141,2016-11-07,2016-11-11,38,all4,3667,2016-11-07,8,1,1,1,1,0,5
ab,142,2016-11-12,2016-11-16,45,all4,3701,2016-11-12,4,1,1,1,1,0,5
ab,143,2016-11-17,2016-11-21,45,all4,3750,2016-11-17,8,1,1,1,1,0,5
ab,144,2016-11-22,2016-11-26,45,all4,3831,2016-11-26,8,1,1,1,1,0,5
ab,145,2016-11-27,2016-12-01,45,all4,3857,2016-11-29,7,1,1,1,1,0,5
ab,146,2016-12-02,2016-12-06,44,all4,3911,2016-12-05,7,1,1,1,1,0,5
ab,147,2016-12-07,2016-12-11,38,all4,3948,2016-12-10,7,1,1,1,1,0,5
ab,148,2016-12-12,2016-12-16,45,all4,3986,2016-12-14,9,1,1,1,1,0,5
ab,149,2016-12-17,2016-12-21,45,all4,4029,2016-12-19,7,1,1,1,1,0,5
ab,150,2016-12-22,2016-12-26,30,all4,4064,2016-12-25,3,1,1,1,1,0,5
ab,151,2016-12-27,2016-12-31,45,all4,4086,2016-12-27,7,1,1,1,1,0,5
ab,152,2017-01-01,2017-01-05,45,all4,4141,2017-01-02,8,1,1,1,1,0,5
ab,153,2017-01-06,2017-01-10,41,all4,4182,2017-01-07,4,1,1,1,1,0,5
ab,154,2017-01-11,2017-01-15,45,all4,4212,2017-01-11,2,1,1,1,1,0,5
ab,155,2017-01-16,2017-01-20,45,all4,4256,2017-01-16,1,1,1,1,1,0,5
ab,156,2017-01-21,2017-01-25,45,all4,4305,2017-01-21,5,1,1,1,1,0,5
ab,157,2017-01-26,2017-01-30,8,all4,4346,2017-01-26,1,1,1,1,1,0,5
ab,158,2017-01-31,2017-02-04,0,,,,,,,,,0,5
ab,159,2017-02-05,2017-02-09,0,,,,,,,,,0,5
ab,160,2017-02-10,2017-02-14,0,,,,,,,,,0,5
ab,161,2017-02-15,2017-02-19,0,,,,,,,,,0,5
ab,162,2017-02-20,2017-02-24,0,,,,,,,,,0,5
ab,163,2017-02-25,2017-03-01,0,,,,,,,,,0,5
ab,164,2017-03-02,2017-03-06,0,,,,,,,,,0,5
ab,165,2017-03-07,2017-03-11,0,,,,,,,,,0,5
ab,166,2017-03-12,2017-03-16,0,,,,,,,,,0,5
ab,167,2017-03-17,2017-03-21,0,,,,,,,,,0,5
ab,168,2017-03-22,2017-03-26,0,,,,,,,,,0,5
ab,169,2017-03-27,2017-03-31,0,,,,,,,,,0,5
ab,170,2017-04-01,2017-04-05,0,,,,,,,,,0,5
ab,171,2017-04-06,2017-04-10,0,,,,,,,,,0,5
ab,172,2017-04-11,2017-04-15,0,,,,,,,,,0,5
ab,173,2017-04-16,2017-04-20,0,,,,,,,,,0,5
ab,174,2017-04-21,2017-04-25,0,,,,,,,,,0,5
ab,175,2017-04-26,2017-04-30,0,,,,,,,,,0,5
ab,176,2017-05-01,2017-05-05,0,,,,,,,,,0,5
ab,177,2017-05-06,2017-05-10,0,,,,,,,,,0,5
ab,178,2017-05-11,2017-05-15,0,,,,,,,,,0,5
ab,179,2017-05-16,2017-05-20,0,,,,,,,,,0,5
ab,180,2017-05-21,2017-05-25,0,,,,,,,,,0,5
ab,181,2017-05-26,2017-05-30,0,,,,,,,,,0,5
ab,182,2017-05-31,2017-06-04,0,,,,,,,,,0,5
ab,183,2017-06-05,2017-06-09,0,,,,,,,,,0,5
ab,184,2017-06-10,2017-06-14,0,,,,,,,,,0,5
ab,185,2017-06-15,2017-06-19,0,,,,,,,,,0,5
ab,186,2017-06-20,2017-06-24,0,,,,,,,,,0,5
ab,187,2017-06-25,2017-06-29,0,,,,,,,,,0,5
ab,188,2017-06-30,2017-07-04,0,,,,,,,,,0,5
ab,189,2017-07-05,2017-07-09,0,,,,,,,,,0,5
ab,190,2017-07-10,2017-07-14,0,,,,,,,,,0,5
ab,191,2017-07-15,2017-07-19,0,,,,,,,,,0,5
ab,192,2017-07-20,2017-07-24,0,,,,,,,,,0,5
ab,193,2017-07-25,2017-07-29,0,,,,,,,,,0,5
ab,194,2017-07-30,2017-08-03,10,T_only,4355,2017-08-03,1,1,1,0,0,0,5
ab,195,2017-08-04,2017-08-08,45,T_only,4365,2017-08-04,2,1,1,0,0,0,5
ab,196,2017-08-09,2017-08-13,45,T_only,4430,2017-08-11,4,1,1,0,0,0,5
ab,197,2017-08-14,2017-08-18,45,T_only,4493,2017-08-18,4,1,1,0,0,0,5
ab,198,2017-08-19,2017-08-23,45,T_only,4520,2017-08-21,4,1,1,0,0,0,5
ab,199,2017-08-24,2017-08-28,38,T_only,4555,2017-08-26,1,1,1,0,0,0,5
ab,200,2017-08-29,2017-09-02,43,T_only,4593,2017-08-30,3,1,1,0,0,0,5
ab,201,2017-09-03,2017-09-07,41,T_only,4650,2017-09-05,8,1,1,0,0,0,5
ab,202,2017-09-08,2017-09-12,45,T_only,4685,2017-09-10,2,1,1,0,0,0,5
ab,203,2017-09-13,2017-09-17,45,T_only,4729,2017-09-15,1,1,1,0,0,0,5
ab,204,2017-09-18,2017-09-22,44,T_only,4781,2017-09-20,9,1,1,0,0,0,5
ab,205,2017-09-23,2017-09-27,9,T_only,4806,2017-09-23,7,1,1,0,0,0,5
ab,206,2017-09-28,2017-10-02,0,,,,,,,,,0,5
ab,207,2017-10-03,2017-10-07,37,T_only,4809,2017-10-03,1,1,1,0,0,0,5
ab,208,2017-10-08,2017-10-12,45,T_only,4874,2017-10-11,2,1,1,0,0,0,5
ab,209,2017-10-13,2017-10-17,45,T_only,4903,2017-10-14,4,1,1,0,0,0,5
ab,210,2017-10-18,2017-10-22,45,T_only,4958,2017-10-20,5,1,1,0,0,0,5
ab,211,2017-10-23,2017-10-27,45,T_only,5022,2017-10-27,6,1,1,0,0,0,5
ab,212,2017-10-28,2017-11-01,45,T_only,5043,2017-10-29,9,1,1,0,0,0,5
ab,213,2017-11-02,2017-11-06,45,T_only,5087,2017-11-03,8,1,1,0,0,0,5
ab,214,2017-11-07,2017-11-11,44,T_only,5119,2017-11-07,4,1,1,0,0,0,5
ab,215,2017-11-12,2017-11-16,35,T_only,5173,2017-11-13,5,1,1,0,0,0,5
ab,216,2017-11-17,2017-11-21,43,T_only,5235,2017-11-21,5,1,1,0,0,0,5
ab,217,2017-11-22,2017-11-26,38,T_only,5274,2017-11-26,8,1,1,0,0,0,5
ab,218,2017-11-27,2017-12-01,35,T_only,5283,2017-11-27,8,1,1,0,0,0,5
ab,219,2017-12-02,2017-12-06,30,T_only,5322,2017-12-04,9,1,1,0,0,0,5
ab,220,2017-12-07,2017-12-11,23,T_only,5351,2017-12-08,2,1,1,0,0,0,5
ab,221,2017-12-12,2017-12-16,45,T_only,5407,2017-12-16,8,1,0,0,0,0,5
ab,222,2017-12-17,2017-12-21,45,T_only,5417,2017-12-17,9,1,0,0,0,0,5
ab,223,2017-12-22,2017-12-26,45,T_only,5469,2017-12-23,7,1,0,0,0,0,5
ab,224,2017-12-27,2017-12-31,45,T_only,5529,2017-12-30,4,1,0,0,0,0,5
ab,225,2018-01-01,2018-01-05,42,T_only,5567,2018-01-03,6,1,1,0,0,0,5
ab,226,2018-01-06,2018-01-10,45,T_only,5617,2018-01-09,5,1,1,0,0,0,5
ab,227,2018-01-11,2018-01-15,45,T_only,5650,2018-01-13,2,1,1,0,0,0,5
ab,228,2018-01-16,2018-01-20,37,T_only,5712,2018-01-20,9,1,1,0,0,0,5
ab,229,2018-01-21,2018-01-25,42,T_only,5717,2018-01-21,5,1,1,0,0,0,5
ab,230,2018-01-26,2018-01-30,45,T_only,5759,2018-01-26,5,1,1,0,0,0,5
ab,231,2018-01-31,2018-02-04,45,T_only,5825,2018-02-02,8,1,1,0,0,0,5
ab,232,2018-02-05,2018-02-09,45,T_only,5862,2018-02-06,9,1,1,0,0,0,5
ab,233,2018-02-10,2018-02-14,45,T_only,5919,2018-02-13,3,1,1,0,0,0,5
ab,234,2018-02-15,2018-02-19,45,T_only,5972,2018-02-19,2,1,1,0,0,0,5
ab,235,2018-02-20,2018-02-24,35,T_only,5995,2018-02-21,8,1,1,0,0,0,5
ab,236,2018-02-25,2018-03-01,45,T_only,6017,2018-02-25,3,1,1,0,0,0,5
ab,237,2018-03-02,2018-03-06,40,T_only,6084,2018-03-04,7,1,1,0,0,0,5
ab,238,2018-03-07,2018-03-11,35,T_only,6117,2018-03-08,9,1,1,0,0,0,5
ab,239,2018-03-12,2018-03-16,38,T_only,6146,2018-03-14,1,1,1,0,0,0,5
ab,240,2018-03-17,2018-03-21,45,T_only,6192,2018-03-19,2,1,1,0,0,0,5
ab,241,2018-03-22,2018-03-26,45,T_only,6225,2018-03-22,8,1,1,0,0,0,5
ab,242,2018-03-27,2018-03-31,45,T_only,6285,2018-03-29,5,1,1,0,0,0,5
ab,243,2018-04-01,2018-04-05,45,T_only,6348,2018-04-05,5,1,1,0,0,0,5
ab,244,2018-04-06,2018-04-10,45,T_only,6389,2018-04-10,1,1,1,0,0,0,5
ab,245,2018-04-11,2018-04-15,45,T_only,6399,2018-04-11,2,1,1,0,0,0,5
ab,246,2018-04-16,2018-04-20,45,T_only,6485,2018-04-20,7,1,1,0,0,0,5
ab,247,2018-04-21,2018-04-25,45,T_only,6523,2018-04-24,9,1,1,0,0,0,5
ab,248,2018-04-26,2018-04-30,36,T_only,6550,2018-04-28,9,1,1,0,0,0,5
ab,249,2018-05-01,2018-05-05,45,T_only,6598,2018-05-04,3,1,1,0,0,0,5
ab,250,2018-05-06,2018-05-10,45,T_only,6649,2018-05-09,9,1,1,0,0,0,5
ab,251,2018-05-11,2018-05-15,45,T_only,6687,2018-05-14,2,1,1,0,0,0,5
ab,252,2018-05-16,2018-05-20,42,T_only,6718,2018-05-17,6,1,1,0,0,0,5
ab,253,2018-05-21,2018-05-25,45,T_only,6768,2018-05-23,5,1,1,0,0,0,5
ab,254,2018-05-26,2018-05-30,45,T_only,6816,2018-05-28,8,1,1,0,0,0,5
ab,255,2018-05-31,2018-06-04,45,T_only,6876,2018-06-04,5,1,1,0,0,0,5
ab,256,2018-06-05,2018-06-09,44,T_only,6904,2018-06-07,6,1,1,0,0,0,5
ab,257,2018-06-10,2018-06-14,37,T_only,6952,2018-06-13,2,1,1,0,0,0,5
ab,258,2018-06-15,2018-06-19,45,T_only,6981,2018-06-17,2,1,1,0,0,0,5
ab,259,2018-06-20,2018-06-24,45,T_only,7047,2018-06-24,5,1,1,0,0,0,5
ab,260,2018-06-25,2018-06-29,45,T_only,7057,2018-06-25,6,1,1,0,0,0,5
ab,261,2018-06-30,2018-07-04,21,T_only,7114,2018-07-01,9,1,1,0,0,0,5
ab,262,2018-07-05,2018-07-09,0,,,,,,,,,0,5
ab,263,2018-07-10,2018-07-14,0,,,,,,,,,0,5
ab,264,2018-07-15,2018-07-19,0,,,,,,,,,0,5
ab,265,2018-07-20,2018-07-24,0,,,,,,,,,0,5
ab,266,2018-07-25,2018-07-29,0,,,,,,,,,0,5
ab,267,2018-07-30,2018-08-03,0,,,,,,,,,0,5
ab,268,2018-08-04,2018-08-08,0,,,,,,,,,0,5
ab,269,2018-08-09,2018-08-13,0,,,,,,,,,0,5
ab,270,2018-08-14,2018-08-18,0,,,,,,,,,0,5
ab,271,2018-08-19,2018-08-23,0,,,,,,,,,0,5
ab,272,2018-08-24,2018-08-28,0,,,,,,,,,0,5
ab,273,2018-08-29,2018-09-02,0,,,,,,,,,0,5
ab,274,2018-09-03,2018-09-07,0,,,,,,,,,0,5
ab,275,2018-09-08,2018-09-12,0,,,,,,,,,0,5
ab,276,2018-09-13,2018-09-17,0,,,,,,,,,0,5
ab,277,2018-09-18,2018-09-22,0,,,,,,,,,0,5
ab,278,2018-09-23,2018-09-27,0,,,,,,,,,0,5
ab,279,2018-09-28,2018-10-02,0,,,,,,,,,0,5
ab,280,2018-10-03,2018-10-07,0,,,,,,,,,0,5
ab,281,2018-10-08,2018-10-12,0,,,,,,,,,0,5
ab,282,2018-10-13,2018-10-17,0,,,,,,,,,0,5
ab,283,2018-10-18,2018-10-22,0,,,,,,,,,0,5
ab,284,2018-10-23,2018-10-27,0,,,,,,,,,0,5
ab,285,2018-10-28,2018-11-01,0,,,,,,,,,0,5
ab,286,2018-11-02,2018-11-06,0,,,,,,,,,0,5
ab,287,2018-11-07,2018-11-11,0,,,,,,,,,0,5
ab,288,2018-11-12,2018-11-16,0,,,,,,,,,0,5
ab,289,2018-11-17,2018-11-21,0,,,,,,,,,0,5
ab,290,2018-11-22,2018-11-26,0,,,,,,,,,0,5
ab,291,2018-11-27,2018-12-01,0,,,,,,,,,0,5
ab,292,2018-12-02,2018-12-06,0,,,,,,,,,0,5
ab,293,2018-12-07,2018-12-11,0,,,,,,,,,0,5
ab,294,2018-12-12,2018-12-16,0,,,,,,,,,0,5
ab,295,2018-12-17,2018-12-21,0,,,,,,,,,0,5
ab,296,2018-12-22,2018-12-26,0,,,,,,,,,0,5
ab,297,2018-12-27,2018-12-31,0,,,,,,,,,0,5
ab,298,2019-01-01,2019-01-05,0,,,,,,,,,0,5
ab,299,2019-01-06,2019-01-10,0,,,,,,,,,0,5
ab,300,2019-01-11,2019-01-15,0,,,,,,,,,0,5
ab,301,2019-01-16,2019-01-20,0,,,,,,,,,0,5
ab,302,2019-01-21,2019-01-25,0,,,,,,,,,0,5
ab,303,2019-01-26,2019-01-30,0,,,,,,,,,0,5
ab,304,2019-01-31,2019-02-04,0,,,,,,,,,0,5
ab,305,2019-02-05,2019-02-09,0,,,,,,,,,0,5
ab,306,2019-02-10,2019-02-14,0,,,,,,,,,0,5
ab,307,2019-02-15,2019-02-19,0,,,,,,,,,0,5
ab,308,2019-02-20,2019-02-24,0,,,,,,,,,0,5
ab,309,2019-02-25,2019-03-01,0,,,,,,,,,0,5
ab,310,2019-03-02,2019-03-06,0,,,,,,,,,0,5
ab,311,2019-03-07,2019-03-11,0,,,,,,,,,0,5
ab,312,2019-03-12,2019-03-16,0,,,,,,,,,0,5
ab,313,2019-03-17,2019-03-21,0,,,,,,,,,0,5
ab,314,2019-03-22,2019-03-26,0,,,,,,,,,0,5
ab,315,2019-03-27,2019-03-31,0,,,,,,,,,0,5
ab,316,2019-04-01,2019-04-05,0,,,,,,,,,0,5
ab,317,2019-04-06,2019-04-10,0,,,,,,,,,0,5
ab,318,2019-04-11,2019-04-15,0,,,,,,,,,0,5
ab,319,2019-04-16,2019-04-20,0,,,,,,,,,0,5
ab,320,2019-04-21,2019-04-25,0,,,,,,,,,0,5
ab,321,2019-04-26,2019-04-30,0,,,,,,,,,0,5
ab,322,2019-05-01,2019-05-05,0,,,,,,,,,0,5
ab,323,2019-05-06,2019-05-10,0,,,,,,,,,0,5
ab,324,2019-05-11,2019-05-15,0,,,,,,,,,0,5
ab,325,2019-05-16,2019-05-20,0,,,,,,,,,0,5
ab,326,2019-05-21,2019-05-25,0,,,,,,,,,0,5
ab,327,2019-05-26,2019-05-30,0,,,,,,,,,0,5
ab,328,2019-05-31,2019-06-04,0,,,,,,,,,0,5
ab,329,2019-06-05,2019-06-09,0,,,,,,,,,0,5
ab,330,2019-06-10,2019-06-14,0,,,,,,,,,0,5
ab,331,2019-06-15,2019-06-19,10,all4,7125,2019-06-19,2,1,1,1,1,0,5
ab,332,2019-06-20,2019-06-24,19,all4,7130,2019-06-23,2,1,1,1,1,0,5
ab,333,2019-06-25,2019-06-29,45,all4,7155,2019-06-25,9,1,1,1,1,0,5
ab,334,2019-06-30,2019-07-04,45,all4,7196,2019-06-30,5,1,1,1,1,0,5
ab,335,2019-07-05,2019-07-09,45,all4,7256,2019-07-07,2,1,1,1,1,0,5
ab,336,2019-07-10,2019-07-14,45,all4,7316,2019-07-13,8,1,1,1,1,0,5
ab,337,2019-07-15,2019-07-19,45,all4,7342,2019-07-16,7,1,1,1,1,0,5
ab,338,2019-07-20,2019-07-24,45,all4,7404,2019-07-23,6,1,1,1,1,0,5
ab,339,2019-07-25,2019-07-29,12,all4,7421,2019-07-25,5,1,1,1,1,0,5
ab,340,2019-07-30,2019-08-03,40,all4,7457,2019-08-02,7,1,1,1,1,0,5
ab,341,2019-08-04,2019-08-08,44,all4,7503,2019-08-07,9,1,1,1,1,0,5
ab,342,2019-08-09,2019-08-13,45,all4,7534,2019-08-11,4,1,1,1,1,0,5
ab,343,2019-08-14,2019-08-18,45,all4,7580,2019-08-16,5,1,1,1,1,0,5
ab,344,2019-08-19,2019-08-23,45,all4,7642,2019-08-23,4,1,1,1,1,0,5
ab,345,2019-08-24,2019-08-28,45,all4,7677,2019-08-27,3,1,1,1,1,0,5
ab,346,2019-08-29,2019-09-02,45,all4,7693,2019-08-29,1,1,1,1,1,0,5
ab,347,2019-09-03,2019-09-07,44,all4,7780,2019-09-07,8,1,1,1,1,0,5
ab,348,2019-09-08,2019-09-12,45,all4,7803,2019-09-10,4,1,1,1,1,0,5
ab,349,2019-09-13,2019-09-17,39,all4,7852,2019-09-16,5,1,1,1,1,0,5
ab,350,2019-09-18,2019-09-22,45,all4,7896,2019-09-21,4,1,1,1,1,0,5
ab,351,2019-09-23,2019-09-27,45,all4,7913,2019-09-23,3,1,1,1,1,0,5
ab,352,2019-09-28,2019-10-02,45,all4,7966,2019-09-29,2,1,1,1,1,0,5
ab,353,2019-10-03,2019-10-07,45,all4,8013,2019-10-04,4,1,1,1,1,0,5
ab,354,2019-10-08,2019-10-12,41,all4,8086,2019-10-12,9,1,1,1,1,0,5
ab,355,2019-10-13,2019-10-17,45,all4,8101,2019-10-14,6,1,1,1,1,0,5
ab,356,2019-10-18,2019-10-22,45,all4,8174,2019-10-22,7,1,1,1,1,0,5
ab,357,2019-10-23,2019-10-27,39,all4,8206,2019-10-26,9,1,1,1,1,0,5
ab,358,2019-10-28,2019-11-01,45,all4,8233,2019-10-29,9,1,1,1,1,0,5
ab,359,2019-11-02,2019-11-06,45,all4,8265,2019-11-02,5,1,1,1,1,0,5
ab,360,2019-11-07,2019-11-11,45,all4,8315,2019-11-08,1,1,1,1,1,0,5
ab,361,2019-11-12,2019-11-16,45,all4,8386,2019-11-15,9,1,1,1,1,0,5
ab,362,2019-11-17,2019-11-21,45,all4,8402,2019-11-17,7,1,1,1,1,0,5
ab,363,2019-11-22,2019-11-26,45,all4,8459,2019-11-24,1,1,1,1,1,0,5
ab,364,2019-11-27,2019-12-01,45,all4,8500,2019-11-28,6,1,1,1,1,0,5
ab,365,2019-12-02,2019-12-06,45,all4,8571,2019-12-06,5,1,1,1,1,0,5
ab,366,2019-12-07,2019-12-11,45,all4,8600,2019-12-09,7,1,1,1,1,0,5
ab,367,2019-12-12,2019-12-16,45,all4,8642,2019-12-14,4,1,1,1,1,0,5
ab,368,2019-12-17,2019-12-21,45,all4,8675,2019-12-18,1,1,1,1,1,0,5
ab,369,2019-12-22,2019-12-26,45,all4,8752,2019-12-26,6,1,1,1,1,0,5
ab,370,2019-12-27,2019-12-31,45,all4,8760,2019-12-27,5,1,1,1,1,0,5
ab,371,2020-01-01,2020-01-05,45,all4,8808,2020-01-01,8,1,1,1,1,0,5
ab,372,2020-01-06,2020-01-10,45,all4,8849,2020-01-06,4,1,1,1,1,0,5
ab,373,2020-01-11,2020-01-15,45,all4,8914,2020-01-13,6,1,1,1,1,0,5
ab,374,2020-01-16,2020-01-20,45,all4,8955,2020-01-18,2,1,1,1,1,0,5
ab,375,2020-01-21,2020-01-25,45,all4,9019,2020-01-25,3,1,1,1,1,0,5
ab,376,2020-01-26,2020-01-30,45,all4,9035,2020-01-27,1,1,1,1,1,0,5
ab,377,2020-01-31,2020-02-04,45,all4,9097,2020-02-02,9,1,1,1,1,0,5
ab,378,2020-02-05,2020-02-09,45,all4,9144,2020-02-08,2,1,1,1,1,0,5
ab,379,2020-02-10,2020-02-14,45,all4,9190,2020-02-13,3,1,1,1,1,0,5
ab,380,2020-02-15,2020-02-19,45,all4,9212,2020-02-15,7,1,1,1,1,0,5
ab,381,2020-02-20,2020-02-24,45,all4,9291,2020-02-24,5,1,1,1,1,0,5
ab,382,2020-02-25,2020-02-29,45,all4,9324,2020-02-28,2,1,1,1,1,0,5
ab,383,2020-03-01,2020-03-05,45,all4,9365,2020-03-03,7,1,1,1,1,0,5
ab,384,2020-03-06,2020-03-10,45,all4,9387,2020-03-06,2,1,1,1,1,0,5
ab,385,2020-03-11,2020-03-15,45,all4,9468,2020-03-15,2,1,1,1,1,0,5
ab,386,2020-03-16,2020-03-20,45,all4,9518,2020-03-20,7,1,1,1,1,0,5
ab,387,2020-03-21,2020-03-25,45,all4,9554,2020-03-24,7,1,1,1,1,0,5
ab,388,2020-03-26,2020-03-30,45,all4,9603,2020-03-30,2,1,1,1,1,0,5
ab,389,2020-03-31,2020-04-04,45,all4,9617,2020-03-31,7,1,1,1,1,0,5
ab,390,2020-04-05,2020-04-09,45,all4,9656,2020-04-05,1,1,1,1,1,0,5
ab,391,2020-04-10,2020-04-14,45,all4,9740,2020-04-14,4,1,1,1,1,0,5
ab,392,2020-04-15,2020-04-19,45,all4,9779,2020-04-18,7,1,1,1,1,0,5
ab,393,2020-04-20,2020-04-24,45,all4,9801,2020-04-21,2,1,1,1,1,0,5
ab,394,2020-04-25,2020-04-29,45,all4,9847,2020-04-26,3,1,1,1,1,0,5
ab,395,2020-04-30,2020-05-04,45,all4,9899,2020-05-02,1,1,1,1,1,0,5
ab,396,2020-05-05,2020-05-09,38,all4,9932,2020-05-05,7,1,1,1,1,0,5
ab,397,2020-05-10,2020-05-14,0,,,,,,,,,0,5
ab,398,2020-05-15,2020-05-19,0,,,,,,,,,0,5
ab,399,2020-05-20,2020-05-24,0,,,,,,,,,0,5
ab,400,2020-05-25,2020-05-29,0,,,,,,,,,0,5
ab,401,2020-05-30,2020-06-03,18,all4,9980,2020-06-03,8,1,1,1,1,0,5
ab,402,2020-06-04,2020-06-08,45,all4,10002,2020-06-06,3,1,1,1,1,0,5
ab,403,2020-06-09,2020-06-13,45,all4,10033,2020-06-09,7,1,1,1,1,0,5
ab,404,2020-06-14,2020-06-18,45,all4,10098,2020-06-16,9,1,1,1,1,0,5
ab,405,2020-06-19,2020-06-23,45,all4,10128,2020-06-20,3,1,1,1,1,0,5
ab,406,2020-06-24,2020-06-28,45,all4,10195,2020-06-27,7,1,1,1,1,0,5
ab,407,2020-06-29,2020-07-03,45,all4,10228,2020-07-01,4,1,1,1,1,0,5
ab,408,2020-07-04,2020-07-08,45,all4,10296,2020-07-08,9,1,1,1,1,0,5
ab,409,2020-07-09,2020-07-13,45,all4,10308,2020-07-10,3,1,1,1,1,0,5
ab,410,2020-07-14,2020-07-18,45,all4,10372,2020-07-17,4,1,1,1,1,0,5
ab,411,2020-07-19,2020-07-23,45,all4,10392,2020-07-19,6,1,1,1,1,0,5
ab,412,2020-07-24,2020-07-28,45,all4,10460,2020-07-27,2,1,1,1,1,0,5
ab,413,2020-07-29,2020-08-02,45,all4,10515,2020-08-02,3,1,1,1,1,0,5
ab,414,2020-08-03,2020-08-07,36,all4,10551,2020-08-07,3,1,1,1,1,0,5
ab,415,2020-08-08,2020-08-12,45,all4,10596,2020-08-12,3,1,1,1,1,0,5
ab,416,2020-08-13,2020-08-17,45,all4,10635,2020-08-16,6,1,1,1,1,0,5
ab,417,2020-08-18,2020-08-22,45,all4,10672,2020-08-20,7,1,1,1,1,0,5
ab,418,2020-08-23,2020-08-27,45,all4,10706,2020-08-24,5,1,1,1,1,0,5
ab,419,2020-08-28,2020-09-01,45,all4,10752,2020-08-29,6,1,1,1,1,0,5
ab,420,2020-09-02,2020-09-06,45,all4,10795,2020-09-03,4,1,1,1,1,0,5
ab,421,2020-09-07,2020-09-11,40,all4,10834,2020-09-07,7,1,1,1,1,0,5
ab,422,2020-09-12,2020-09-16,45,all4,10890,2020-09-14,5,1,1,1,1,0,5
ab,423,2020-09-17,2020-09-21,45,all4,10945,2020-09-20,6,1,1,1,1,0,5
ab,424,2020-09-22,2020-09-26,41,all4,10981,2020-09-25,1,1,1,1,1,0,5
ab,425,2020-09-27,2020-10-01,45,all4,11015,2020-09-28,8,1,1,1,1,0,5
ab,426,2020-10-02,2020-10-06,45,all4,11072,2020-10-05,2,1,1,1,1,0,5
ab,427,2020-10-07,2020-10-11,45,all4,11093,2020-10-07,5,1,1,1,1,0,5
ab,428,2020-10-12,2020-10-16,45,all4,11173,2020-10-16,4,1,1,1,1,0,5
ab,429,2020-10-17,2020-10-21,45,all4,11220,2020-10-21,6,1,1,1,1,0,5
ab,430,2020-10-22,2020-10-26,45,all4,11250,2020-10-24,9,1,1,1,1,0,5
ab,431,2020-10-27,2020-10-31,45,all4,11270,2020-10-27,2,1,1,1,1,0,5
ab,432,2020-11-01,2020-11-05,45,all4,11324,2020-11-02,2,1,1,1,1,0,5
ab,433,2020-11-06,2020-11-10,45,all4,11377,2020-11-08,1,1,1,1,1,0,5
ab,434,2020-11-11,2020-11-15,45,all4,11407,2020-11-11,4,1,1,1,1,0,5
ab,435,2020-11-16,2020-11-20,40,all4,11485,2020-11-20,6,1,1,1,1,0,5
ab,436,2020-11-21,2020-11-25,45,all4,11513,2020-11-23,7,1,1,1,1,0,5
ab,437,2020-11-26,2020-11-30,45,all4,11547,2020-11-27,5,1,1,1,1,0,5
ab,438,2020-12-01,2020-12-05,45,all4,11608,2020-12-04,3,1,1,1,1,0,5
ab,439,2020-12-06,2020-12-10,45,all4,11637,2020-12-07,5,1,1,1,1,0,5
ab,440,2020-12-11,2020-12-15,45,all4,11711,2020-12-15,7,1,1,1,1,0,5
ab,441,2020-12-16,2020-12-20,45,all4,11743,2020-12-19,3,1,1,1,1,0,5
ab,442,2020-12-21,2020-12-25,45,all4,11765,2020-12-21,7,1,1,1,1,0,5
ab,443,2020-12-26,2020-12-30,45,all4,11811,2020-12-26,8,1,1,1,1,0,5
ab,444,2020-12-31,2021-01-04,45,all4,11886,2021-01-04,2,1,1,1,1,0,5
ab,445,2021-01-05,2021-01-09,45,all4,11933,2021-01-09,4,1,1,1,1,0,5
ab,446,2021-01-10,2021-01-14,31,all4,11965,2021-01-12,9,1,1,1,1,0,5
ab,447,2021-01-15,2021-01-19,37,all4,11979,2021-01-16,9,1,1,1,1,0,5
ab,448,2021-01-20,2021-01-24,45,all4,12030,2021-01-22,6,1,1,1,1,0,5
ab,449,2021-01-25,2021-01-29,45,all4,12061,2021-01-26,1,1,1,1,1,0,5
ab,450,2021-01-30,2021-02-03,45,all4,12105,2021-01-30,9,1,1,1,1,0,5
ab,451,2021-02-04,2021-02-08,45,all4,12159,2021-02-05,9,1,1,1,1,0,5
ab,452,2021-02-09,2021-02-13,45,all4,12227,2021-02-13,5,1,1,1,1,0,5
ab,453,2021-02-14,2021-02-18,45,all4,12248,2021-02-15,8,1,1,1,1,0,5
ab,454,2021-02-19,2021-02-23,45,all4,12298,2021-02-21,4,1,1,1,1,0,5
ab,455,2021-02-24,2021-02-28,45,all4,12330,2021-02-24,9,1,1,1,1,0,5
ab,456,2021-03-01,2021-03-05,45,all4,12386,2021-03-03,2,1,1,1,1,0,5
ab,457,2021-03-06,2021-03-10,45,all4,12443,2021-03-09,5,1,1,1,1,0,5
ab,458,2021-03-11,2021-03-15,45,all4,12482,2021-03-13,8,1,1,1,1,0,5
ab,459,2021-03-16,2021-03-20,45,all4,12543,2021-03-20,6,1,1,1,1,0,5
ab,460,2021-03-21,2021-03-25,45,all4,12582,2021-03-24,9,1,1,1,1,0,5
ab,461,2021-03-26,2021-03-30,45,all4,12623,2021-03-29,5,1,1,1,1,0,5
ab,462,2021-03-31,2021-04-04,45,all4,12677,2021-04-04,5,1,1,1,1,0,5
ab,463,2021-04-05,2021-04-09,45,all4,12709,2021-04-08,1,1,1,1,1,0,5
ab,464,2021-04-10,2021-04-14,45,all4,12768,2021-04-14,6,1,1,1,1,0,5
ab,465,2021-04-15,2021-04-19,45,all4,12813,2021-04-19,6,1,1,1,1,0,5
ab,466,2021-04-20,2021-04-24,45,all4,12853,2021-04-24,1,1,1,1,1,0,5
ab,467,2021-04-25,2021-04-29,45,all4,12888,2021-04-27,9,1,1,1,1,0,5
ab,468,2021-04-30,2021-05-04,45,all4,12909,2021-04-30,3,1,1,1,1,0,5
ab,469,2021-05-05,2021-05-09,45,all4,12952,2021-05-05,1,1,1,1,1,0,5
ab,470,2021-05-10,2021-05-14,45,all4,13031,2021-05-13,8,1,1,1,1,0,5
ab,471,2021-05-15,2021-05-19,45,all4,13046,2021-05-15,5,1,1,1,1,0,5
ab,472,2021-05-20,2021-05-24,45,all4,13087,2021-05-20,1,1,1,1,1,0,5
ab,473,2021-05-25,2021-05-29,45,all4,13133,2021-05-25,2,1,1,1,1,0,5
ab,474,2021-05-30,2021-06-03,45,all4,13189,2021-05-31,4,1,1,1,1,0,5
ab,475,2021-06-04,2021-06-08,45,all4,13261,2021-06-08,4,1,1,1,1,0,5
ab,476,2021-06-09,2021-06-13,45,all4,13307,2021-06-13,5,1,1,1,1,0,5
ab,477,2021-06-14,2021-06-18,45,all4,13337,2021-06-16,8,1,1,1,1,0,5
ab,478,2021-06-19,2021-06-23,45,all4,13392,2021-06-22,9,1,1,1,1,0,5
ab,479,2021-06-24,2021-06-28,37,all4,13402,2021-06-24,1,1,1,1,1,0,5
ab,480,2021-06-29,2021-07-03,45,all4,13474,2021-07-02,9,1,1,1,1,0,5
ab,481,2021-07-04,2021-07-08,45,all4,13511,2021-07-07,1,1,1,1,1,0,5
ab,482,2021-07-09,2021-07-13,45,all4,13560,2021-07-12,5,1,1,1,1,0,5
ab,483,2021-07-14,2021-07-18,45,all4,13606,2021-07-17,6,1,1,1,1,0,5
ab,484,2021-07-19,2021-07-23,45,all4,13663,2021-07-23,9,1,1,1,1,0,5
ab,485,2021-07-24,2021-07-28,45,all4,13700,2021-07-28,1,1,1,1,1,0,5
ab,486,2021-07-29,2021-08-02,45,all4,13719,2021-07-30,2,1,1,1,1,0,5
ab,487,2021-08-03,2021-08-07,27,T_only,13773,2021-08-07,2,1,1,0,0,0,5
ab,488,2021-08-08,2021-08-12,45,T_only,13805,2021-08-10,7,1,1,0,0,0,5
ab,489,2021-08-13,2021-08-17,45,T_only,13853,2021-08-16,1,1,1,0,0,0,5
ab,490,2021-08-18,2021-08-22,45,T_only,13897,2021-08-20,9,1,1,0,0,0,5
ab,491,2021-08-23,2021-08-27,38,T_only,13945,2021-08-26,3,1,1,0,0,0,5
ab,492,2021-08-28,2021-09-01,45,T_only,13989,2021-08-31,9,1,1,0,0,0,5
ab,493,2021-09-02,2021-09-06,45,T_only,14031,2021-09-05,6,1,1,0,0,0,5
ab,494,2021-09-07,2021-09-11,45,T_only,14061,2021-09-08,9,1,1,0,0,0,5
ab,495,2021-09-12,2021-09-16,45,T_only,14093,2021-09-12,5,1,1,0,0,0,5
ab,496,2021-09-17,2021-09-21,45,T_only,14172,2021-09-21,3,1,1,0,0,0,5
ab,497,2021-09-22,2021-09-26,45,T_only,14216,2021-09-26,2,1,1,0,0,0,5
ab,498,2021-09-27,2021-10-01,45,T_only,14247,2021-09-29,6,1,1,0,0,0,5
ab,499,2021-10-02,2021-10-06,33,T_only,14278,2021-10-03,1,1,1,0,0,0,5
ab,500,2021-10-07,2021-10-11,45,T_only,14337,2021-10-10,9,1,1,0,0,0,5
ab,501,2021-10-12,2021-10-16,45,T_only,14360,2021-10-13,5,1,1,0,0,0,5
ab,502,2021-10-17,2021-10-21,45,T_only,14419,2021-10-20,1,1,1,0,0,0,5
ab,503,2021-10-22,2021-10-26,45,T_only,14452,2021-10-23,7,1,1,0,0,0,5
ab,504,2021-10-27,2021-10-31,20,T_only,14489,2021-10-28,5,1,1,0,0,0,5
ab,505,2021-11-01,2021-11-05,0,,,,,,,,,0,5
ab,506,2021-11-06,2021-11-10,45,,,,,,,,,0,5
ab,507,2021-11-11,2021-11-15,45,,,,,,,,,0,5
ab,508,2021-11-16,2021-11-20,45,T_only,14636,2021-11-20,9,1,0,0,0,0,5
ab,509,2021-11-21,2021-11-25,45,T_only,14652,2021-11-22,7,1,0,0,0,0,5
ab,510,2021-11-26,2021-11-30,45,T_only,14691,2021-11-27,1,1,0,0,0,0,5
ab,511,2021-12-01,2021-12-05,45,T_only,14752,2021-12-03,8,1,1,0,0,0,5
ab,512,2021-12-06,2021-12-10,45,T_only,14773,2021-12-06,2,1,1,0,0,0,5
ab,513,2021-12-11,2021-12-15,45,T_only,14817,2021-12-11,1,1,1,0,0,0,5
ab,514,2021-12-16,2021-12-20,45,T_only,14862,2021-12-16,1,1,1,0,0,0,5
ab,515,2021-12-21,2021-12-25,45,T_only,14944,2021-12-25,2,1,1,0,0,0,5
ab,516,2021-12-26,2021-12-30,45,T_only,14962,2021-12-27,2,1,1,0,0,0,5
ab,517,2021-12-31,2022-01-04,45,T_only,15037,2022-01-04,5,1,1,0,0,0,5
ab,518,2022-01-05,2022-01-09,44,T_only,15048,2022-01-05,7,1,1,0,0,0,5
ab,519,2022-01-10,2022-01-14,45,T_only,15129,2022-01-14,8,1,1,0,0,0,5
ab,520,2022-01-15,2022-01-19,45,T_only,15145,2022-01-16,6,1,1,0,0,0,5
ab,521,2022-01-20,2022-01-24,45,T_only,15207,2022-01-23,5,1,1,0,0,0,5
ab,522,2022-01-25,2022-01-29,45,T_only,15236,2022-01-26,7,1,1,0,0,0,5
ab,523,2022-01-30,2022-02-03,45,T_only,15307,2022-02-03,6,1,1,0,0,0,5
ab,524,2022-02-04,2022-02-08,33,T_only,15328,2022-02-05,9,1,1,0,0,0,5
ab,525,2022-02-09,2022-02-13,0,,,,,,,,,0,5
ab,526,2022-02-14,2022-02-18,0,,,,,,,,,0,5
ab,527,2022-02-19,2022-02-23,19,T_only,15356,2022-02-23,3,1,1,0,0,0,5
ab,528,2022-02-24,2022-02-28,22,T_only,15364,2022-02-24,2,1,1,0,0,0,5
ab,529,2022-03-01,2022-03-05,21,T_only,15391,2022-03-03,7,1,1,0,0,0,5
ab,530,2022-03-06,2022-03-10,15,T_only,15407,2022-03-06,2,1,1,0,0,0,5
ab,531,2022-03-11,2022-03-15,12,T_only,15432,2022-03-14,12,1,1,0,0,0,5
ab,532,2022-03-16,2022-03-20,0,,,,,,,,,0,5
ab,533,2022-03-21,2022-03-25,0,,,,,,,,,0,5
ab,534,2022-03-26,2022-03-30,0,,,,,,,,,0,5
ab,535,2022-03-31,2022-04-04,0,,,,,,,,,0,5
ab,536,2022-04-05,2022-04-09,0,,,,,,,,,0,5
ab,537,2022-04-10,2022-04-14,0,,,,,,,,,0,5
ab,538,2022-04-15,2022-04-19,0,,,,,,,,,0,5
ab,539,2022-04-20,2022-04-24,0,,,,,,,,,0,5
ab,540,2022-04-25,2022-04-29,0,,,,,,,,,0,5
ab,541,2022-04-30,2022-05-04,0,,,,,,,,,0,5
ab,542,2022-05-05,2022-05-09,0,,,,,,,,,0,5
ab,543,2022-05-10,2022-05-14,0,,,,,,,,,0,5
ab,544,2022-05-15,2022-05-19,0,,,,,,,,,0,5
ab,545,2022-05-20,2022-05-24,0,,,,,,,,,0,5
ab,546,2022-05-25,2022-05-29,0,,,,,,,,,0,5
ab,547,2022-05-30,2022-06-03,0,,,,,,,,,0,5
ab,548,2022-06-04,2022-06-08,0,,,,,,,,,0,5
ab,549,2022-06-09,2022-06-13,0,,,,,,,,,0,5
ab,550,2022-06-14,2022-06-18,0,,,,,,,,,0,5
ab,551,2022-06-19,2022-06-23,0,,,,,,,,,0,5
ab,552,2022-06-24,2022-06-28,0,,,,,,,,,0,5
ab,553,2022-06-29,2022-07-03,0,,,,,,,,,0,5
ab,554,2022-07-04,2022-07-08,0,,,,,,,,,0,5
ab,555,2022-07-09,2022-07-13,0,,,,,,,,,0,5
ab,556,2022-07-14,2022-07-18,0,,,,,,,,,0,5
ab,557,2022-07-19,2022-07-23,0,,,,,,,,,0,5
ab,558,2022-07-24,2022-07-28,0,,,,,,,,,0,5
ab,559,2022-07-29,2022-08-02,0,,,,,,,,,0,5
ab,560,2022-08-03,2022-08-07,0,,,,,,,,,0,5
ab,561,2022-08-08,2022-08-12,0,,,,,,,,,0,5
ab,562,2022-08-13,2022-08-17,0,,,,,,,,,0,5
ab,563,2022-08-18,2022-08-22,3,T_only,15435,2022-08-21,2,1,1,0,0,0,5
ab,564,2022-08-23,2022-08-27,40,T_only,15465,2022-08-26,8,1,1,0,0,0,5
ab,565,2022-08-28,2022-09-01,45,T_only,15490,2022-08-29,6,1,1,0,0,0,5
ab,566,2022-09-02,2022-09-06,45,T_only,15557,2022-09-06,1,1,1,0,0,0,5
ab,567,2022-09-07,2022-09-11,45,T_only,15569,2022-09-07,4,1,1,0,0,0,5
ab,568,2022-09-12,2022-09-16,45,T_only,15618,2022-09-12,8,1,1,0,0,0,5
ab,569,2022-09-17,2022-09-21,45,T_only,15657,2022-09-17,2,1,1,0,0,0,5
ab,570,2022-09-22,2022-09-26,45,T_only,15736,2022-09-25,9,1,1,0,0,0,5
ab,571,2022-09-27,2022-10-01,45,T_only,15758,2022-09-28,4,1,1,0,0,0,5
ab,572,2022-10-02,2022-10-06,45,T_only,15832,2022-10-06,6,1,1,0,0,0,5
ab,573,2022-10-07,2022-10-11,45,T_only,15862,2022-10-09,9,1,1,0,0,0,5
ab,574,2022-10-12,2022-10-16,45,T_only,15892,2022-10-13,3,1,1,0,0,0,5
ab,575,2022-10-17,2022-10-21,45,T_only,15960,2022-10-20,8,1,1,0,0,0,5
ab,576,2022-10-22,2022-10-26,45,T_only,15982,2022-10-23,3,1,1,0,0,0,5
ab,577,2022-10-27,2022-10-31,43,T_only,16054,2022-10-31,3,1,1,0,0,0,5
ab,578,2022-11-01,2022-11-05,43,T_only,16075,2022-11-03,1,1,1,0,0,0,5
ab,579,2022-11-06,2022-11-10,45,T_only,16127,2022-11-08,8,1,1,0,0,0,5
ab,580,2022-11-11,2022-11-15,45,T_only,16178,2022-11-14,5,1,1,0,0,0,5
ab,581,2022-11-16,2022-11-20,45,T_only,16226,2022-11-19,8,1,1,0,0,0,5
ab,582,2022-11-21,2022-11-25,45,T_only,16248,2022-11-22,3,1,1,0,0,0,5
ab,583,2022-11-26,2022-11-30,35,T_only,16315,2022-11-29,7,1,1,0,0,0,5
ab,584,2022-12-01,2022-12-05,1,T_only,16317,2022-12-05,1,1,1,0,0,0,5
ab,585,2022-12-06,2022-12-10,45,T_only,16354,2022-12-10,1,1,1,0,0,0,5
ab,586,2022-12-11,2022-12-15,45,T_only,16366,2022-12-11,4,1,1,0,0,0,5
ab,587,2022-12-16,2022-12-20,37,T_only,16429,2022-12-18,4,1,1,0,0,0,5
ab,588,2022-12-21,2022-12-25,10,T_only,16447,2022-12-25,2,1,1,0,0,0,5
ab,589,2022-12-26,2022-12-30,38,T_only,16468,2022-12-27,5,1,1,0,0,0,5
ab,590,2022-12-31,2023-01-04,0,,,,,,,,,0,5
ab,591,2023-01-05,2023-01-09,0,,,,,,,,,0,5
ab,592,2023-01-10,2023-01-14,0,,,,,,,,,0,5
ab,593,2023-01-15,2023-01-19,0,,,,,,,,,0,5
ab,594,2023-01-20,2023-01-24,0,,,,,,,,,0,5
ab,595,2023-01-25,2023-01-29,0,,,,,,,,,0,5
ab,596,2023-01-30,2023-02-03,0,,,,,,,,,0,5
ab,597,2023-02-04,2023-02-08,0,,,,,,,,,0,5
ab,598,2023-02-09,2023-02-13,0,,,,,,,,,0,5
ab,599,2023-02-14,2023-02-18,0,,,,,,,,,0,5
ab,600,2023-02-19,2023-02-23,0,,,,,,,,,0,5
ab,601,2023-02-24,2023-02-28,0,,,,,,,,,0,5
ab,602,2023-03-01,2023-03-05,0,,,,,,,,,0,5
ab,603,2023-03-06,2023-03-10,0,,,,,,,,,0,5
ab,604,2023-03-11,2023-03-15,0,,,,,,,,,0,5
ab,605,2023-03-16,2023-03-20,0,,,,,,,,,0,5
ab,606,2023-03-21,2023-03-25,0,,,,,,,,,0,5
ab,607,2023-03-26,2023-03-30,0,,,,,,,,,0,5
ab,608,2023-03-31,2023-04-04,0,,,,,,,,,0,5
ab,609,2023-04-05,2023-04-09,0,,,,,,,,,0,5
ab,610,2023-04-10,2023-04-14,0,,,,,,,,,0,5
ab,611,2023-04-15,2023-04-19,0,,,,,,,,,0,5
ab,612,2023-04-20,2023-04-24,0,,,,,,,,,0,5
ab,613,2023-04-25,2023-04-29,0,,,,,,,,,0,5
ab,614,2023-04-30,2023-05-04,0,,,,,,,,,0,5
ab,615,2023-05-05,2023-05-09,0,,,,,,,,,0,5
ab,616,2023-05-10,2023-05-14,0,,,,,,,,,0,5
ab,617,2023-05-15,2023-05-19,0,,,,,,,,,0,5
ab,618,2023-05-20,2023-05-24,0,,,,,,,,,0,5
ab,619,2023-05-25,2023-05-29,0,,,,,,,,,0,5
ab,620,2023-05-30,2023-06-03,0,,,,,,,,,0,5
ab,621,2023-06-04,2023-06-08,0,,,,,,,,,0,5
ab,622,2023-06-09,2023-06-13,0,,,,,,,,,0,5
ab,623,2023-06-14,2023-06-18,0,,,,,,,,,0,5
ab,624,2023-06-19,2023-06-23,0,,,,,,,,,0,5
ab,625,2023-06-24,2023-06-28,0,,,,,,,,,0,5
ab,626,2023-06-29,2023-07-03,0,,,,,,,,,0,5
ab,627,2023-07-04,2023-07-08,0,,,,,,,,,0,5
ab,628,2023-07-09,2023-07-13,0,,,,,,,,,0,5
ab,629,2023-07-14,2023-07-18,0,,,,,,,,,0,5
ab,630,2023-07-19,2023-07-23,0,,,,,,,,,0,5
ab,631,2023-07-24,2023-07-28,0,,,,,,,,,0,5
ab,632,2023-07-29,2023-08-02,0,,,,,,,,,0,5
ab,633,2023-08-03,2023-08-07,0,,,,,,,,,0,5
ab,634,2023-08-08,2023-08-12,0,,,,,,,,,0,5
ab,635,2023-08-13,2023-08-17,0,,,,,,,,,0,5
ab,636,2023-08-18,2023-08-22,0,,,,,,,,,0,5
ab,637,2023-08-23,2023-08-27,0,,,,,,,,,0,5
ab,638,2023-08-28,2023-09-01,36,all4,16502,2023-08-30,1,1,1,1,1,0,5
ab,639,2023-09-02,2023-09-06,45,all4,16543,2023-09-03,6,1,1,1,1,0,5
ab,640,2023-09-07,2023-09-11,41,all4,16590,2023-09-08,8,1,1,1,1,0,5
ab,641,2023-09-12,2023-09-16,45,all4,16624,2023-09-13,1,1,1,1,1,0,5
ab,642,2023-09-17,2023-09-21,45,all4,16696,2023-09-21,1,1,1,1,1,0,5
ab,643,2023-09-22,2023-09-26,39,all4,16728,2023-09-24,6,1,1,1,1,0,5
ab,644,2023-09-27,2023-10-01,7,all4,16746,2023-09-27,3,1,1,1,1,0,5
ab,645,2023-10-02,2023-10-06,20,all4,16756,2023-10-05,4,1,1,1,1,0,5
ab,646,2023-10-07,2023-10-11,45,all4,16797,2023-10-09,9,1,1,1,1,0,5
ab,647,2023-10-12,2023-10-16,36,all4,16841,2023-10-15,8,1,1,1,1,0,5
ab,648,2023-10-17,2023-10-21,45,all4,16890,2023-10-21,3,1,1,1,1,0,5
ab,649,2023-10-22,2023-10-26,41,all4,16897,2023-10-22,1,1,1,1,1,0,5
ab,650,2023-10-27,2023-10-31,30,all4,16951,2023-10-29,5,1,1,1,1,0,5
ab,651,2023-11-01,2023-11-05,45,all4,16970,2023-11-01,3,1,1,1,1,0,5
ab,652,2023-11-06,2023-11-10,45,all4,17054,2023-11-10,6,1,1,1,1,0,5
ab,653,2023-11-11,2023-11-15,44,all4,17100,2023-11-15,8,1,1,1,1,0,5
ab,654,2023-11-16,2023-11-20,45,all4,17132,2023-11-19,4,1,1,1,1,0,5
ab,655,2023-11-21,2023-11-25,45,all4,17156,2023-11-22,1,1,1,1,1,0,5
ab,656,2023-11-26,2023-11-30,5,all4,17196,2023-11-26,5,1,1,1,1,0,5
ab,657,2023-12-01,2023-12-05,0,,,,,,,,,0,5
ab,658,2023-12-06,2023-12-10,0,,,,,,,,,0,5
ab,659,2023-12-11,2023-12-15,1,all4,17197,2023-12-15,1,1,1,1,1,0,5
ab,660,2023-12-16,2023-12-20,45,all4,17203,2023-12-16,6,1,1,1,1,0,5
ab,661,2023-12-21,2023-12-25,45,all4,17269,2023-12-23,9,1,1,1,1,0,5
ab,662,2023-12-26,2023-12-30,45,all4,17311,2023-12-28,6,1,1,1,1,0,5
ab,663,2023-12-31,2024-01-04,45,all4,17348,2024-01-01,7,1,1,1,1,0,5
ab,664,2024-01-05,2024-01-09,45,T_only,17419,2024-01-09,6,1,1,1,0,0,5
ab,665,2024-01-10,2024-01-14,45,T_only,17454,2024-01-13,5,1,1,1,0,0,5
ab,666,2024-01-15,2024-01-19,45,T_only,17512,2024-01-19,9,1,1,1,0,0,5
ab,667,2024-01-20,2024-01-24,41,T_only,17513,2024-01-20,1,1,1,1,0,0,5
ab,668,2024-01-25,2024-01-29,42,T_only,17584,2024-01-28,7,1,1,1,0,0,5
ab,669,2024-01-30,2024-02-03,45,T_only,17596,2024-01-30,1,1,1,1,0,0,5
ab,670,2024-02-04,2024-02-08,42,T_only,17660,2024-02-06,2,1,1,1,0,0,5
ab,671,2024-02-09,2024-02-13,45,T_only,17716,2024-02-12,7,1,1,1,0,0,5
ab,672,2024-02-14,2024-02-18,45,T_only,17756,2024-02-17,2,1,1,1,0,0,5
ab,673,2024-02-19,2024-02-23,27,T_only,17787,2024-02-20,6,1,1,1,0,0,5
ab,674,2024-02-24,2024-02-28,45,T_only,17806,2024-02-24,7,1,1,1,0,0,5
ab,675,2024-02-29,2024-03-04,45,T_only,17878,2024-03-03,7,1,1,1,0,0,5
ab,676,2024-03-05,2024-03-09,45,T_only,17892,2024-03-05,3,1,1,1,0,0,5
ab,677,2024-03-10,2024-03-14,43,T_only,17943,2024-03-10,9,1,1,1,0,0,5
ab,678,2024-03-15,2024-03-19,45,T_only,17993,2024-03-16,7,1,1,1,0,0,5
ab,679,2024-03-20,2024-03-24,39,T_only,18040,2024-03-22,6,1,1,1,0,0,5
ab,680,2024-03-25,2024-03-29,45,T_only,18070,2024-03-25,9,1,1,1,0,0,5
ab,681,2024-03-30,2024-04-03,27,T_only,18124,2024-03-31,9,1,1,1,0,0,5
ab,682,2024-04-04,2024-04-08,37,T_only,18165,2024-04-08,4,1,1,1,0,0,5
ab,683,2024-04-09,2024-04-13,37,T_only,18177,2024-04-09,7,1,1,1,0,0,5
ab,684,2024-04-14,2024-04-18,45,T_only,18208,2024-04-14,1,1,1,1,0,0,5
ab,685,2024-04-19,2024-04-23,45,T_only,18278,2024-04-21,8,1,1,1,0,0,5
ab,686,2024-04-24,2024-04-28,45,T_only,18311,2024-04-25,5,1,1,1,0,0,5
ab,687,2024-04-29,2024-05-03,42,T_only,18361,2024-05-01,1,1,1,1,0,0,5
ab,688,2024-05-04,2024-05-08,20,T_only,18388,2024-05-04,4,1,1,1,0,0,5
ab,689,2024-05-09,2024-05-13,36,T_only,18414,2024-05-11,1,1,1,1,0,0,5
ab,690,2024-05-14,2024-05-18,45,T_only,18480,2024-05-18,4,1,1,1,0,0,5
ab,691,2024-05-19,2024-05-23,45,T_only,18515,2024-05-22,3,1,1,1,0,0,5
ab,692,2024-05-24,2024-05-28,45,T_only,18544,2024-05-25,5,1,1,1,0,0,5
ab,693,2024-05-29,2024-06-02,27,T_only,18594,2024-06-02,1,1,1,1,0,0,5
ab,694,2024-06-03,2024-06-07,45,T_only,18614,2024-06-04,3,1,1,1,0,0,5
ab,695,2024-06-08,2024-06-12,43,T_only,18650,2024-06-08,3,1,1,1,0,0,5
ab,696,2024-06-13,2024-06-17,45,T_only,18716,2024-06-15,8,1,1,1,0,0,5
ab,697,2024-06-18,2024-06-22,45,T_only,18758,2024-06-20,5,1,1,1,0,0,5
ab,698,2024-06-23,2024-06-27,42,T_only,18800,2024-06-25,2,1,1,1,0,0,5
ab,699,2024-06-28,2024-07-02,45,T_only,18850,2024-07-01,1,1,1,1,0,0,5
ab,700,2024-07-03,2024-07-07,21,T_only,18877,2024-07-06,7,1,1,1,0,0,5
ab,701,2024-07-08,2024-07-12,45,T_only,18918,2024-07-11,3,1,1,1,0,0,5
ab,702,2024-07-13,2024-07-17,45,T_only,18959,2024-07-15,8,1,1,1,0,0,5
ab,703,2024-07-18,2024-07-22,45,T_only,19018,2024-07-22,4,1,1,1,0,0,5
ab,704,2024-07-23,2024-07-27,14,T_only,19032,2024-07-23,9,1,1,1,0,0,5
ab,705,2024-07-28,2024-08-01,0,,,,,,,,,0,5
ab,706,2024-08-02,2024-08-06,0,,,,,,,,,0,5
ab,707,2024-08-07,2024-08-11,0,,,,,,,,,0,5
ab,708,2024-08-12,2024-08-16,3,all4,19040,2024-08-14,3,1,1,1,1,0,5
ab,709,2024-08-17,2024-08-21,0,,,,,,,,,0,5
ab,710,2024-08-22,2024-08-26,0,,,,,,,,,0,5
ab,711,2024-08-27,2024-08-31,13,all4,19042,2024-08-30,2,1,1,1,1,0,5
ab,712,2024-09-01,2024-09-05,45,all4,19083,2024-09-04,3,1,1,1,1,0,5
ab,713,2024-09-06,2024-09-10,45,all4,19099,2024-09-06,1,1,1,1,1,0,5
ab,714,2024-09-11,2024-09-15,45,all4,19168,2024-09-13,7,1,1,1,1,0,5
ab,715,2024-09-16,2024-09-20,19,all4,19195,2024-09-16,7,1,1,1,1,0,5
ab,716,2024-09-21,2024-09-25,45,all4,19224,2024-09-22,8,1,1,1,1,0,5
ab,717,2024-09-26,2024-09-30,45,all4,19268,2024-09-27,7,1,1,1,1,0,5
ab,718,2024-10-01,2024-10-05,45,all4,19303,2024-10-01,6,1,1,1,1,0,5
ab,719,2024-10-06,2024-10-10,45,all4,19382,2024-10-10,4,1,1,1,1,0,5
ab,720,2024-10-11,2024-10-15,39,all4,19406,2024-10-13,1,1,1,1,1,0,5
ab,721,2024-10-16,2024-10-20,45,all4,19449,2024-10-18,5,1,1,1,1,0,5
ab,722,2024-10-21,2024-10-25,42,all4,19493,2024-10-23,4,1,1,1,1,0,5
ab,723,2024-10-26,2024-10-30,36,all4,19517,2024-10-27,2,1,1,1,1,0,5
ab,724,2024-10-31,2024-11-04,45,all4,19594,2024-11-04,9,1,1,1,1,0,5
ab,725,2024-11-05,2024-11-09,45,all4,19630,2024-11-08,9,1,1,1,1,0,5
ab,726,2024-11-10,2024-11-14,45,all4,19663,2024-11-12,6,1,1,1,1,0,5
ab,727,2024-11-15,2024-11-19,45,all4,19723,2024-11-19,3,1,1,1,1,0,5
ab,728,2024-11-20,2024-11-24,38,all4,19766,2024-11-24,8,1,1,1,1,0,5
ab,729,2024-11-25,2024-11-29,45,all4,19774,2024-11-25,7,1,1,1,1,0,5
ab,730,2024-11-30,2024-12-04,45,all4,19836,2024-12-02,6,1,1,1,1,0,5
ab,731,2024-12-05,2024-12-09,45,all4,19897,2024-12-09,4,1,1,1,1,0,5
ab,732,2024-12-10,2024-12-14,29,all4,19927,2024-12-14,1,1,1,1,1,0,5
ab,733,2024-12-15,2024-12-19,38,all4,19946,2024-12-17,4,1,1,1,1,0,5
ab,734,2024-12-20,2024-12-24,45,all4,19972,2024-12-20,3,1,1,1,1,0,5
ab,735,2024-12-25,2024-12-29,45,all4,20050,2024-12-28,9,1,1,1,1,0,5
ab,736,2024-12-30,2025-01-03,45,all4,20082,2025-01-01,5,1,1,1,1,0,5
ab,737,2025-01-04,2025-01-08,45,all4,20108,2025-01-04,4,1,1,1,1,0,5
ab,738,2025-01-09,2025-01-13,45,all4,20170,2025-01-11,3,1,1,1,1,0,5
ab,739,2025-01-14,2025-01-18,45,all4,20204,2025-01-15,1,1,1,1,1,0,5
ab,740,2025-01-19,2025-01-23,45,all4,20276,2025-01-23,1,1,1,1,1,0,5
ab,741,2025-01-24,2025-01-28,43,all4,20300,2025-01-25,9,1,1,1,1,0,5
ab,742,2025-01-29,2025-02-02,27,all4,20340,2025-02-01,4,1,1,1,1,0,5
ab,743,2025-02-03,2025-02-07,45,all4,20385,2025-02-06,4,1,1,1,1,0,5
ab,744,2025-02-08,2025-02-12,45,all4,20432,2025-02-11,6,1,1,1,1,0,5
ab,745,2025-02-13,2025-02-17,45,all4,20476,2025-02-16,5,1,1,1,1,0,5
ab,746,2025-02-18,2025-02-22,45,all4,20500,2025-02-19,2,1,1,1,1,0,5
ab,747,2025-02-23,2025-02-27,45,all4,20563,2025-02-26,2,1,1,1,1,0,5
ab,748,2025-02-28,2025-03-04,45,all4,20605,2025-03-02,8,1,1,1,1,0,5
ab,749,2025-03-05,2025-03-09,45,all4,20653,2025-03-08,2,1,1,1,1,0,5
ab,750,2025-03-10,2025-03-14,45,all4,20702,2025-03-13,6,1,1,1,1,0,5
ab,751,2025-03-15,2025-03-19,45,all4,20739,2025-03-17,7,1,1,1,1,0,5
ab,752,2025-03-20,2025-03-24,45,all4,20766,2025-03-20,7,1,1,1,1,0,5
ab,753,2025-03-25,2025-03-29,45,all4,20817,2025-03-26,4,1,1,1,1,0,5
ab,754,2025-03-30,2025-04-03,31,all4,20867,2025-03-31,9,1,1,1,1,0,5
ab,755,2025-04-04,2025-04-08,45,all4,20912,2025-04-07,5,1,1,1,1,0,5
ab,756,2025-04-09,2025-04-13,11,all4,20929,2025-04-09,4,1,1,1,1,0,5
ab,757,2025-04-14,2025-04-18,0,,,,,,,,,0,5
ab,758,2025-04-19,2025-04-23,0,,,,,,,,,0,5
ab,759,2025-04-24,2025-04-28,0,,,,,,,,,0,5
ab,760,2025-04-29,2025-05-03,0,,,,,,,,,0,5
ab,761,2025-05-04,2025-05-08,0,,,,,,,,,0,5
ab,762,2025-05-09,2025-05-13,0,,,,,,,,,0,5
ab,763,2025-05-14,2025-05-18,0,,,,,,,,,0,5
ab,764,2025-05-19,2025-05-23,0,,,,,,,,,0,5
ab,765,2025-05-24,2025-05-28,0,,,,,,,,,0,5
ab,766,2025-05-29,2025-06-02,0,,,,,,,,,0,5
ab,767,2025-06-03,2025-06-07,0,,,,,,,,,0,5
ab,768,2025-06-08,2025-06-12,0,,,,,,,,,0,5
ab,769,2025-06-13,2025-06-17,0,,,,,,,,,0,5
ab,770,2025-06-18,2025-06-22,0,,,,,,,,,0,5
ab,771,2025-06-23,2025-06-27,0,,,,,,,,,0,5
ab,772,2025-06-28,2025-07-02,0,,,,,,,,,0,5
ab,773,2025-07-03,2025-07-07,0,,,,,,,,,0,5
ab,774,2025-07-08,2025-07-12,0,,,,,,,,,0,5
ab,775,2025-07-13,2025-07-17,0,,,,,,,,,0,5
ab,776,2025-07-18,2025-07-22,0,,,,,,,,,0,5
ab,777,2025-07-23,2025-07-27,0,,,,,,,,,0,5
ab,778,2025-07-28,2025-08-01,0,,,,,,,,,0,5
ab,779,2025-08-02,2025-08-06,0,,,,,,,,,0,5
ab,780,2025-08-07,2025-08-11,27,all4,20956,2025-08-11,2,1,1,1,1,0,5
ab,781,2025-08-12,2025-08-16,39,all4,20967,2025-08-12,4,1,1,1,1,0,5
ab,782,2025-08-17,2025-08-21,45,all4,21019,2025-08-18,8,1,1,1,1,0,5
ab,783,2025-08-22,2025-08-26,45,all4,21085,2025-08-26,2,1,1,1,1,0,5
ab,784,2025-08-27,2025-08-31,45,all4,21105,2025-08-28,4,1,1,1,1,0,5
ab,785,2025-09-01,2025-09-05,45,all4,21177,2025-09-05,4,1,1,1,1,0,5
ab,786,2025-09-06,2025-09-10,45,all4,21223,2025-09-10,5,1,1,1,1,0,5
ab,787,2025-09-11,2025-09-15,45,all4,21255,2025-09-14,1,1,1,1,1,0,5
ab,788,2025-09-16,2025-09-20,45,all4,21293,2025-09-18,3,1,1,1,1,0,5
ab,789,2025-09-21,2025-09-25,45,all4,21352,2025-09-24,8,1,1,1,1,0,5
ab,790,2025-09-26,2025-09-30,43,all4,21395,2025-09-29,6,1,1,1,1,0,5
ab,791,2025-10-01,2025-10-05,0,,,,,,,,,0,5
ab,792,2025-10-06,2025-10-10,37,all4,21419,2025-10-08,4,1,1,1,1,0,5
ab,793,2025-10-11,2025-10-15,45,all4,21484,2025-10-15,6,1,1,1,1,0,5
ab,794,2025-10-16,2025-10-20,45,all4,21526,2025-10-20,3,1,1,1,1,0,5
ab,795,2025-10-21,2025-10-25,45,all4,21546,2025-10-22,5,1,1,1,1,0,5
ab,796,2025-10-26,2025-10-30,45,T_only,21582,2025-10-26,5,1,0,0,1,0,5
ab,797,2025-10-31,2025-11-04,34,all4,21656,2025-11-04,2,1,1,1,1,0,5
ab,798,2025-11-05,2025-11-09,36,all4,21670,2025-11-07,5,1,1,1,1,0,5
ab,799,2025-11-10,2025-11-14,45,all4,21710,2025-11-11,9,1,1,1,1,0,5
ab,800,2025-11-15,2025-11-19,45,all4,21738,2025-11-15,1,1,1,1,1,0,5
ab,801,2025-11-20,2025-11-24,45,all4,21822,2025-11-24,4,1,1,1,1,0,5
ab,802,2025-11-25,2025-11-29,45,all4,21829,2025-11-25,2,1,1,1,1,0,5
ab,803,2025-11-30,2025-12-04,45,all4,21881,2025-11-30,9,1,1,1,1,0,5
ab,804,2025-12-05,2025-12-09,45,all4,21926,2025-12-05,9,1,1,1,1,0,5
ab,805,2025-12-10,2025-12-14,45,all4,21964,2025-12-10,2,1,1,1,1,0,5
ab,806,2025-12-15,2025-12-19,44,all4,22040,2025-12-18,7,1,1,1,1,0,5
ab,807,2025-12-20,2025-12-24,45,all4,22068,2025-12-21,8,1,1,1,1,0,5
ab,808,2025-12-25,2025-12-29,45,all4,22101,2025-12-25,5,1,1,1,1,0,5
ab,809,2025-12-30,2026-01-03,31,all4,22143,2025-12-30,2,1,1,1,1,0,5
